ts,dr_pos,dr_vel,dr_acc,sub_pos,force_goal,force_ped,force_obj
10,"(None, None, None)","(None, None, None)","(None, None, None)","(None, None, None)",0,0,0
10,"(None, None, None)","(None, None, None)","(None, None, None)","(None, None, None)",0,0,0
10,"(None, None, None)","(None, None, None)","(None, None, None)","(None, None, None)",0,0,0
10,"(None, None, None)","(None, None, None)","(None, None, None)","(None, None, None)",0,0,0
10,"(None, None, None)","(None, None, None)","(None, None, None)","(None, None, None)",0,0,0
10,"(None, None, None)","(None, None, None)","(None, None, None)","(None, None, None)",0,0,0
10,"(None, None, None)","(None, None, None)","(None, None, None)","(None, None, None)",0,0,0
10,"(None, None, None)","(None, None, None)","(None, None, None)","(None, None, None)",0,0,0
11,"(None, None, None)","(None, None, None)","(None, None, None)","(None, None, None)",0,0,0
11,"(None, None, None)","(None, None, None)","(None, None, None)","(None, None, None)",0,0,0
11,"(None, None, None)","(None, None, None)","(None, None, None)","(None, None, None)",0,0,0
11,"(None, None, None)","(None, None, None)","(None, None, None)","(None, None, None)",0,0,0
11,"(None, None, None)","(None, None, None)","(None, None, None)","(None, None, None)",0,0,0
11,"(None, None, None)","(None, None, None)","(None, None, None)","(None, None, None)",0,0,0
11,"(None, None, None)","(None, None, None)","(None, None, None)","(None, None, None)",0,0,0
11,"(None, None, None)","(None, None, None)","(None, None, None)","(None, None, None)",0,0,0
11,"(None, None, None)","(None, None, None)","(None, None, None)","(None, None, None)",0,0,0
11,"(None, None, None)","(None, None, None)","(None, None, None)","(None, None, None)",0,0,0
11,"(None, None, None)","(None, None, None)","(None, None, None)","(None, None, None)",0,0,0
11,"(None, None, None)","(None, None, None)","(None, None, None)","(None, None, None)",0,0,0
11,"(None, None, None)","(None, None, None)","(None, None, None)","(None, None, None)",0,0,0
11,"(None, None, None)","(None, None, None)","(None, None, None)","(None, None, None)",0,0,0
11,"(None, None, None)","(None, None, None)","(None, None, None)","(None, None, None)",0,0,0
11,"(None, None, None)","(None, None, None)","(None, None, None)","(None, None, None)",0,0,0
11,"(None, None, None)","(None, None, None)","(None, None, None)","(None, None, None)",0,0,0
11,"(None, None, None)","(None, None, None)","(None, None, None)","(None, None, None)",0,0,0
11,"(None, None, None)","(None, None, None)","(None, None, None)","(None, None, None)",0,0,0
11,"(None, None, None)","(None, None, None)","(None, None, None)","(None, None, None)",0,0,0
11,"(None, None, None)","(None, None, None)","(None, None, None)","(None, None, None)",0,0,0
11,"(None, None, None)","(None, None, None)","(None, None, None)","(None, None, None)",0,0,0
11,"(None, None, None)","(None, None, None)","(None, None, None)","(None, None, None)",0,0,0
11,"(None, None, None)","(None, None, None)","(None, None, None)","(None, None, None)",0,0,0
11,"(None, None, None)","(None, None, None)","(None, None, None)","(None, None, None)",0,0,0
11,"(None, None, None)","(None, None, None)","(None, None, None)","(None, None, None)",0,0,0
11,"(None, None, None)","(None, None, None)","(None, None, None)","(None, None, None)",0,0,0
11,"(None, None, None)","(None, None, None)","(None, None, None)","(None, None, None)",0,0,0
11,"(None, None, None)","(None, None, None)","(None, None, None)","(None, None, None)",0,0,0
11,"(None, None, None)","(None, None, None)","(None, None, None)","(None, None, None)",0,0,0
11,"(None, None, None)","(None, None, None)","(None, None, None)","(None, None, None)",0,0,0
11,"(None, None, None)","(None, None, None)","(None, None, None)","(None, None, None)",0,0,0
11,"(None, None, None)","(None, None, None)","(None, None, None)","(None, None, None)",0,0,0
11,"(None, None, None)","(None, None, None)","(None, None, None)","(None, None, None)",0,0,0
11,"(None, None, None)","(None, None, None)","(None, None, None)","(None, None, None)",0,0,0
11,"(None, None, None)","(None, None, None)","(None, None, None)","(None, None, None)",0,0,0
11,"(None, None, None)","(None, None, None)","(None, None, None)","(None, None, None)",0,0,0
11,"(None, None, None)","(None, None, None)","(None, None, None)","(None, None, None)",0,0,0
11,"(None, None, None)","(None, None, None)","(None, None, None)","(None, None, None)",0,0,0
11,"(None, None, None)","(None, None, None)","(None, None, None)","(None, None, None)",0,0,0
11,"(None, None, None)","(None, None, None)","(None, None, None)","(None, None, None)",0,0,0
11,"(None, None, None)","(None, None, None)","(None, None, None)","(None, None, None)",0,0,0
12,"(None, None, None)","(None, None, None)","(None, None, None)","(None, None, None)",0,0,0
12,"(None, None, None)","(None, None, None)","(None, None, None)","(None, None, None)",0,0,0
12,"(None, None, None)","(None, None, None)","(None, None, None)","(None, None, None)",0,0,0
12,"(None, None, None)","(None, None, None)","(None, None, None)","(None, None, None)",0,0,0
12,"(None, None, None)","(None, None, None)","(None, None, None)","(None, None, None)",0,0,0
12,"(None, None, None)","(None, None, None)","(None, None, None)","(None, None, None)",0,0,0
12,"(None, None, None)","(None, None, None)","(None, None, None)","(None, None, None)",0,0,0
12,"(None, None, None)","(None, None, None)","(None, None, None)","(None, None, None)",0,0,0
12,"(None, None, None)","(None, None, None)","(None, None, None)","(None, None, None)",0,0,0
12,"(None, None, None)","(None, None, None)","(None, None, None)","(None, None, None)",0,0,0
12,"(None, None, None)","(None, None, None)","(None, None, None)","(None, None, None)",0,0,0
12,"(None, None, None)","(None, None, None)","(None, None, None)","(None, None, None)",0,0,0
12,"(None, None, None)","(None, None, None)","(None, None, None)","(None, None, None)",0,0,0
12,"(None, None, None)","(None, None, None)","(None, None, None)","(None, None, None)",0,0,0
12,"(None, None, None)","(None, None, None)","(None, None, None)","(None, None, None)",0,0,0
12,"(None, None, None)","(None, None, None)","(None, None, None)","(None, None, None)",0,0,0
12,"(None, None, None)","(None, None, None)","(None, None, None)","(None, None, None)",0,0,0
12,"(None, None, None)","(None, None, None)","(None, None, None)","(None, None, None)",0,0,0
12,"(None, None, None)","(None, None, None)","(None, None, None)","(None, None, None)",0,0,0
12,"(None, None, None)","(None, None, None)","(None, None, None)","(None, None, None)",0,0,0
12,"(None, None, None)","(None, None, None)","(None, None, None)","(None, None, None)",0,0,0
12,"(None, None, None)","(None, None, None)","(None, None, None)","(None, None, None)",0,0,0
12,"(None, None, None)","(None, None, None)","(None, None, None)","(None, None, None)",0,0,0
12,"(None, None, None)","(None, None, None)","(None, None, None)","(None, None, None)",0,0,0
12,"(None, None, None)","(None, None, None)","(None, None, None)","(None, None, None)",0,0,0
12,"(None, None, None)","(None, None, None)","(None, None, None)","(None, None, None)",0,0,0
12,"(None, None, None)","(None, None, None)","(None, None, None)","(None, None, None)",0,0,0
12,"(None, None, None)","(None, None, None)","(None, None, None)","(None, None, None)",0,0,0
12,"(None, None, None)","(None, None, None)","(None, None, None)","(None, None, None)",0,0,0
12,"(None, None, None)","(None, None, None)","(None, None, None)","(None, None, None)",0,0,0
12,"(None, None, None)","(None, None, None)","(None, None, None)","(None, None, None)",0,0,0
12,"(None, None, None)","(None, None, None)","(None, None, None)","(None, None, None)",0,0,0
12,"(None, None, None)","(None, None, None)","(None, None, None)","(None, None, None)",0,0,0
12,"(None, None, None)","(None, None, None)","(None, None, None)","(None, None, None)",0,0,0
12,"(None, None, None)","(None, None, None)","(None, None, None)","(None, None, None)",0,0,0
12,"(None, None, None)","(None, None, None)","(None, None, None)","(None, None, None)",0,0,0
12,"(None, None, None)","(None, None, None)","(None, None, None)","(None, None, None)",0,0,0
12,"(None, None, None)","(None, None, None)","(None, None, None)","(None, None, None)",0,0,0
12,"(None, None, None)","(None, None, None)","(None, None, None)","(None, None, None)",0,0,0
13,"(None, None, None)","(None, None, None)","(None, None, None)","(None, None, None)",0,0,0
13,"(None, None, None)","(None, None, None)","(None, None, None)","(None, None, None)",0,0,0
13,"(None, None, None)","(None, None, None)","(None, None, None)","(None, None, None)",0,0,0
13,"(None, None, None)","(None, None, None)","(None, None, None)","(None, None, None)",0,0,0
13,"(None, None, None)","(None, None, None)","(None, None, None)","(None, None, None)",0,0,0
13,"(None, None, None)","(None, None, None)","(None, None, None)","(None, None, None)",0,0,0
13,"(None, None, None)","(None, None, None)","(None, None, None)","(None, None, None)",0,0,0
13,"(None, None, None)","(None, None, None)","(None, None, None)","(None, None, None)",0,0,0
13,"(None, None, None)","(None, None, None)","(None, None, None)","(None, None, None)",0,0,0
13,"(None, None, None)","(None, None, None)","(None, None, None)","(None, None, None)",0,0,0
13,"(None, None, None)","(None, None, None)","(None, None, None)","(None, None, None)",0,0,0
13,"(None, None, None)","(None, None, None)","(None, None, None)","(None, None, None)",0,0,0
13,"(None, None, None)","(None, None, None)","(None, None, None)","(None, None, None)",0,0,0
13,"(None, None, None)","(None, None, None)","(None, None, None)","(None, None, None)",0,0,0
13,"(None, None, None)","(None, None, None)","(None, None, None)","(None, None, None)",0,0,0
13,"(None, None, None)","(None, None, None)","(None, None, None)","(None, None, None)",0,0,0
13,"(None, None, None)","(None, None, None)","(None, None, None)","(None, None, None)",0,0,0
13,"(None, None, None)","(None, None, None)","(None, None, None)","(None, None, None)",0,0,0
13,"(None, None, None)","(None, None, None)","(None, None, None)","(None, None, None)",0,0,0
13,"(None, None, None)","(None, None, None)","(None, None, None)","(None, None, None)",0,0,0
13,"(None, None, None)","(None, None, None)","(None, None, None)","(None, None, None)",0,0,0
13,"(None, None, None)","(None, None, None)","(None, None, None)","(None, None, None)",0,0,0
13,"(None, None, None)","(None, None, None)","(None, None, None)","(None, None, None)",0,0,0
13,"(None, None, None)","(None, None, None)","(None, None, None)","(None, None, None)",0,0,0
13,"(None, None, None)","(None, None, None)","(None, None, None)","(None, None, None)",0,0,0
13,"(None, None, None)","(None, None, None)","(None, None, None)","(None, None, None)",0,0,0
13,"(None, None, None)","(None, None, None)","(None, None, None)","(None, None, None)",0,0,0
13,"(None, None, None)","(None, None, None)","(None, None, None)","(None, None, None)",0,0,0
13,"(None, None, None)","(None, None, None)","(None, None, None)","(None, None, None)",0,0,0
13,"(None, None, None)","(None, None, None)","(None, None, None)","(None, None, None)",0,0,0
13,"(None, None, None)","(None, None, None)","(None, None, None)","(None, None, None)",0,0,0
13,"(None, None, None)","(None, None, None)","(None, None, None)","(None, None, None)",0,0,0
13,"(None, None, None)","(None, None, None)","(None, None, None)","(None, None, None)",0,0,0
13,"(None, None, None)","(None, None, None)","(None, None, None)","(None, None, None)",0,0,0
14,"(None, None, None)","(None, None, None)","(None, None, None)","(None, None, None)",0,0,0
14,"(None, None, None)","(None, None, None)","(None, None, None)","(None, None, None)",0,0,0
14,"(None, None, None)","(None, None, None)","(None, None, None)","(None, None, None)",0,0,0
14,"(None, None, None)","(None, None, None)","(None, None, None)","(None, None, None)",0,0,0
14,"(None, None, None)","(None, None, None)","(None, None, None)","(None, None, None)",0,0,0
14,"(None, None, None)","(None, None, None)","(None, None, None)","(None, None, None)",0,0,0
14,"(None, None, None)","(None, None, None)","(None, None, None)","(None, None, None)",0,0,0
14,"(None, None, None)","(None, None, None)","(None, None, None)","(None, None, None)",0,0,0
14,"(None, None, None)","(None, None, None)","(None, None, None)","(None, None, None)",0,0,0
14,"(None, None, None)","(None, None, None)","(None, None, None)","(None, None, None)",0,0,0
14,"(None, None, None)","(None, None, None)","(None, None, None)","(None, None, None)",0,0,0
14,"(None, None, None)","(None, None, None)","(None, None, None)","(None, None, None)",0,0,0
14,"(None, None, None)","(None, None, None)","(None, None, None)","(None, None, None)",0,0,0
14,"(None, None, None)","(None, None, None)","(None, None, None)","(None, None, None)",0,0,0
14,"(None, None, None)","(None, None, None)","(None, None, None)","(None, None, None)",0,0,0
14,"(None, None, None)","(None, None, None)","(None, None, None)","(None, None, None)",0,0,0
14,"(None, None, None)","(None, None, None)","(None, None, None)","(None, None, None)",0,0,0
14,"(None, None, None)","(None, None, None)","(None, None, None)","(None, None, None)",0,0,0
14,"(None, None, None)","(None, None, None)","(None, None, None)","(None, None, None)",0,0,0
14,"(None, None, None)","(None, None, None)","(None, None, None)","(None, None, None)",0,0,0
14,"(None, None, None)","(None, None, None)","(None, None, None)","(None, None, None)",0,0,0
14,"(None, None, None)","(None, None, None)","(None, None, None)","(None, None, None)",0,0,0
14,"(None, None, None)","(None, None, None)","(None, None, None)","(None, None, None)",0,0,0
14,"(None, None, None)","(None, None, None)","(None, None, None)","(None, None, None)",0,0,0
14,"(None, None, None)","(None, None, None)","(None, None, None)","(None, None, None)",0,0,0
14,"(None, None, None)","(None, None, None)","(None, None, None)","(None, None, None)",0,0,0
14,"(None, None, None)","(None, None, None)","(None, None, None)","(None, None, None)",0,0,0
14,"(None, None, None)","(None, None, None)","(None, None, None)","(None, None, None)",0,0,0
14,"(None, None, None)","(None, None, None)","(None, None, None)","(None, None, None)",0,0,0
14,"(None, None, None)","(None, None, None)","(None, None, None)","(None, None, None)",0,0,0
14,"(None, None, None)","(None, None, None)","(None, None, None)","(None, None, None)",0,0,0
14,"(None, None, None)","(None, None, None)","(None, None, None)","(None, None, None)",0,0,0
14,"(None, None, None)","(None, None, None)","(None, None, None)","(None, None, None)",0,0,0
14,"(None, None, None)","(None, None, None)","(None, None, None)","(None, None, None)",0,0,0
14,"(None, None, None)","(None, None, None)","(None, None, None)","(None, None, None)",0,0,0
14,"(None, None, None)","(None, None, None)","(None, None, None)","(None, None, None)",0,0,0
14,"(None, None, None)","(None, None, None)","(None, None, None)","(None, None, None)",0,0,0
14,"(None, None, None)","(None, None, None)","(None, None, None)","(None, None, None)",0,0,0
14,"(None, None, None)","(None, None, None)","(None, None, None)","(None, None, None)",0,0,0
14,"(None, None, None)","(None, None, None)","(None, None, None)","(None, None, None)",0,0,0
14,"(None, None, None)","(None, None, None)","(None, None, None)","(None, None, None)",0,0,0
14,"(None, None, None)","(None, None, None)","(None, None, None)","(None, None, None)",0,0,0
14,"(None, None, None)","(None, None, None)","(None, None, None)","(None, None, None)",0,0,0
14,"(None, None, None)","(None, None, None)","(None, None, None)","(None, None, None)",0,0,0
14,"(None, None, None)","(None, None, None)","(None, None, None)","(None, None, None)",0,0,0
14,"(None, None, None)","(None, None, None)","(None, None, None)","(None, None, None)",0,0,0
14,"(None, None, None)","(None, None, None)","(None, None, None)","(None, None, None)",0,0,0
15,"(None, None, None)","(None, None, None)","(None, None, None)","(None, None, None)",0,0,0
15,"(None, None, None)","(None, None, None)","(None, None, None)","(None, None, None)",0,0,0
15,"(None, None, None)","(None, None, None)","(None, None, None)","(None, None, None)",0,0,0
15,"(None, None, None)","(None, None, None)","(None, None, None)","(None, None, None)",0,0,0
15,"(None, None, None)","(None, None, None)","(None, None, None)","(None, None, None)",0,0,0
15,"(None, None, None)","(None, None, None)","(None, None, None)","(None, None, None)",0,0,0
15,"(None, None, None)","(None, None, None)","(None, None, None)","(None, None, None)",0,0,0
15,"(None, None, None)","(None, None, None)","(None, None, None)","(None, None, None)",0,0,0
15,"(None, None, None)","(None, None, None)","(None, None, None)","(None, None, None)",0,0,0
15,"(None, None, None)","(None, None, None)","(None, None, None)","(None, None, None)",0,0,0
15,"(None, None, None)","(None, None, None)","(None, None, None)","(None, None, None)",0,0,0
15,"(None, None, None)","(None, None, None)","(None, None, None)","(None, None, None)",0,0,0
15,"(None, None, None)","(None, None, None)","(None, None, None)","(None, None, None)",0,0,0
15,"(None, None, None)","(None, None, None)","(None, None, None)","(None, None, None)",0,0,0
15,"(None, None, None)","(None, None, None)","(None, None, None)","(None, None, None)",0,0,0
15,"(None, None, None)","(None, None, None)","(None, None, None)","(None, None, None)",0,0,0
15,"(None, None, None)","(None, None, None)","(None, None, None)","(None, None, None)",0,0,0
15,"(None, None, None)","(None, None, None)","(None, None, None)","(None, None, None)",0,0,0
15,"(None, None, None)","(None, None, None)","(None, None, None)","(None, None, None)",0,0,0
15,"(None, None, None)","(None, None, None)","(None, None, None)","(None, None, None)",0,0,0
15,"(None, None, None)","(None, None, None)","(None, None, None)","(None, None, None)",0,0,0
15,"(None, None, None)","(None, None, None)","(None, None, None)","(None, None, None)",0,0,0
15,"(None, None, None)","(None, None, None)","(None, None, None)","(None, None, None)",0,0,0
15,"(None, None, None)","(None, None, None)","(None, None, None)","(None, None, None)",0,0,0
15,"(None, None, None)","(None, None, None)","(None, None, None)","(None, None, None)",0,0,0
15,"(None, None, None)","(None, None, None)","(None, None, None)","(None, None, None)",0,0,0
15,"(None, None, None)","(None, None, None)","(None, None, None)","(None, None, None)",0,0,0
15,"(None, None, None)","(None, None, None)","(None, None, None)","(None, None, None)",0,0,0
15,"(None, None, None)","(None, None, None)","(None, None, None)","(None, None, None)",0,0,0
15,"(None, None, None)","(None, None, None)","(None, None, None)","(None, None, None)",0,0,0
15,"(None, None, None)","(None, None, None)","(None, None, None)","(None, None, None)",0,0,0
15,"(None, None, None)","(None, None, None)","(None, None, None)","(None, None, None)",0,0,0
15,"(None, None, None)","(None, None, None)","(None, None, None)","(None, None, None)",0,0,0
15,"(None, None, None)","(None, None, None)","(None, None, None)","(None, None, None)",0,0,0
15,"(None, None, None)","(None, None, None)","(None, None, None)","(None, None, None)",0,0,0
15,"(None, None, None)","(None, None, None)","(None, None, None)","(None, None, None)",0,0,0
15,"(None, None, None)","(None, None, None)","(None, None, None)","(None, None, None)",0,0,0
15,"(None, None, None)","(None, None, None)","(None, None, None)","(None, None, None)",0,0,0
15,"(None, None, None)","(None, None, None)","(None, None, None)","(None, None, None)",0,0,0
16,"(None, None, None)","(None, None, None)","(None, None, None)","(None, None, None)",0,0,0
16,"(None, None, None)","(None, None, None)","(None, None, None)","(None, None, None)",0,0,0
16,"(None, None, None)","(None, None, None)","(None, None, None)","(None, None, None)",0,0,0
16,"(None, None, None)","(None, None, None)","(None, None, None)","(None, None, None)",0,0,0
16,"(None, None, None)","(None, None, None)","(None, None, None)","(None, None, None)",0,0,0
16,"(None, None, None)","(None, None, None)","(None, None, None)","(None, None, None)",0,0,0
16,"(None, None, None)","(None, None, None)","(None, None, None)","(None, None, None)",0,0,0
16,"(None, None, None)","(None, None, None)","(None, None, None)","(None, None, None)",0,0,0
16,"(None, None, None)","(None, None, None)","(None, None, None)","(None, None, None)",0,0,0
16,"(None, None, None)","(None, None, None)","(None, None, None)","(None, None, None)",0,0,0
16,"(None, None, None)","(None, None, None)","(None, None, None)","(None, None, None)",0,0,0
16,"(None, None, None)","(None, None, None)","(None, None, None)","(None, None, None)",0,0,0
16,"(None, None, None)","(None, None, None)","(None, None, None)","(None, None, None)",0,0,0
16,"(None, None, None)","(None, None, None)","(None, None, None)","(None, None, None)",0,0,0
16,"(None, None, None)","(None, None, None)","(None, None, None)","(None, None, None)",0,0,0
16,"(None, None, None)","(None, None, None)","(None, None, None)","(None, None, None)",0,0,0
16,"(None, None, None)","(None, None, None)","(None, None, None)","(None, None, None)",0,0,0
16,"(None, None, None)","(None, None, None)","(None, None, None)","(None, None, None)",0,0,0
16,"(None, None, None)","(None, None, None)","(None, None, None)","(None, None, None)",0,0,0
16,"(None, None, None)","(None, None, None)","(None, None, None)","(None, None, None)",0,0,0
16,"(None, None, None)","(None, None, None)","(None, None, None)","(None, None, None)",0,0,0
16,"(None, None, None)","(None, None, None)","(None, None, None)","(None, None, None)",0,0,0
16,"(None, None, None)","(None, None, None)","(None, None, None)","(None, None, None)",0,0,0
16,"(None, None, None)","(None, None, None)","(None, None, None)","(None, None, None)",0,0,0
16,"(None, None, None)","(None, None, None)","(None, None, None)","(None, None, None)",0,0,0
16,"(None, None, None)","(None, None, None)","(None, None, None)","(None, None, None)",0,0,0
16,"(None, None, None)","(None, None, None)","(None, None, None)","(None, None, None)",0,0,0
16,"(None, None, None)","(None, None, None)","(None, None, None)","(None, None, None)",0,0,0
16,"(None, None, None)","(None, None, None)","(None, None, None)","(None, None, None)",0,0,0
16,"(None, None, None)","(None, None, None)","(None, None, None)","(None, None, None)",0,0,0
16,"(None, None, None)","(None, None, None)","(None, None, None)","(None, None, None)",0,0,0
16,"(None, None, None)","(None, None, None)","(None, None, None)","(None, None, None)",0,0,0
16,"(None, None, None)","(None, None, None)","(None, None, None)","(None, None, None)",0,0,0
16,"(None, None, None)","(None, None, None)","(None, None, None)","(None, None, None)",0,0,0
16,"(None, None, None)","(None, None, None)","(None, None, None)","(None, None, None)",0,0,0
16,"(None, None, None)","(None, None, None)","(None, None, None)","(None, None, None)",0,0,0
16,"(None, None, None)","(None, None, None)","(None, None, None)","(None, None, None)",0,0,0
16,"(None, None, None)","(None, None, None)","(None, None, None)","(None, None, None)",0,0,0
16,"(None, None, None)","(None, None, None)","(None, None, None)","(None, None, None)",0,0,0
16,"(None, None, None)","(None, None, None)","(None, None, None)","(None, None, None)",0,0,0
16,"(None, None, None)","(None, None, None)","(None, None, None)","(None, None, None)",0,0,0
16,"(None, None, None)","(None, None, None)","(None, None, None)","(None, None, None)",0,0,0
16,"(None, None, None)","(None, None, None)","(None, None, None)","(None, None, None)",0,0,0
16,"(None, None, None)","(None, None, None)","(None, None, None)","(None, None, None)",0,0,0
16,"(None, None, None)","(None, None, None)","(None, None, None)","(None, None, None)",0,0,0
16,"(None, None, None)","(None, None, None)","(None, None, None)","(None, None, None)",0,0,0
17,"(None, None, None)","(None, None, None)","(None, None, None)","(None, None, None)",0,0,0
17,"(None, None, None)","(None, None, None)","(None, None, None)","(None, None, None)",0,0,0
17,"(None, None, None)","(None, None, None)","(None, None, None)","(None, None, None)",0,0,0
17,"(None, None, None)","(None, None, None)","(None, None, None)","(None, None, None)",0,0,0
17,"(None, None, None)","(None, None, None)","(None, None, None)","(None, None, None)",0,0,0
17,"(None, None, None)","(None, None, None)","(None, None, None)","(None, None, None)",0,0,0
17,"(None, None, None)","(None, None, None)","(None, None, None)","(None, None, None)",0,0,0
17,"(None, None, None)","(None, None, None)","(None, None, None)","(None, None, None)",0,0,0
17,"(None, None, None)","(None, None, None)","(None, None, None)","(None, None, None)",0,0,0
17,"(None, None, None)","(None, None, None)","(None, None, None)","(None, None, None)",0,0,0
17,"(None, None, None)","(None, None, None)","(None, None, None)","(None, None, None)",0,0,0
17,"(None, None, None)","(None, None, None)","(None, None, None)","(None, None, None)",0,0,0
17,"(None, None, None)","(None, None, None)","(None, None, None)","(None, None, None)",0,0,0
17,"(None, None, None)","(None, None, None)","(None, None, None)","(None, None, None)",0,0,0
17,"(None, None, None)","(None, None, None)","(None, None, None)","(None, None, None)",0,0,0
17,"(None, None, None)","(None, None, None)","(None, None, None)","(None, None, None)",0,0,0
17,"(None, None, None)","(None, None, None)","(None, None, None)","(None, None, None)",0,0,0
17,"(None, None, None)","(None, None, None)","(None, None, None)","(None, None, None)",0,0,0
17,"(None, None, None)","(None, None, None)","(None, None, None)","(None, None, None)",0,0,0
17,"(None, None, None)","(None, None, None)","(None, None, None)","(None, None, None)",0,0,0
17,"(None, None, None)","(None, None, None)","(None, None, None)","(None, None, None)",0,0,0
17,"(None, None, None)","(None, None, None)","(None, None, None)","(None, None, None)",0,0,0
17,"(None, None, None)","(None, None, None)","(None, None, None)","(None, None, None)",0,0,0
17,"(None, None, None)","(None, None, None)","(None, None, None)","(None, None, None)",0,0,0
17,"(None, None, None)","(None, None, None)","(None, None, None)","(None, None, None)",0,0,0
17,"(None, None, None)","(None, None, None)","(None, None, None)","(None, None, None)",0,0,0
17,"(None, None, None)","(None, None, None)","(None, None, None)","(None, None, None)",0,0,0
17,"(None, None, None)","(None, None, None)","(None, None, None)","(None, None, None)",0,0,0
17,"(None, None, None)","(None, None, None)","(None, None, None)","(None, None, None)",0,0,0
17,"(None, None, None)","(None, None, None)","(None, None, None)","(None, None, None)",0,0,0
17,"(None, None, None)","(None, None, None)","(None, None, None)","(None, None, None)",0,0,0
17,"(None, None, None)","(None, None, None)","(None, None, None)","(None, None, None)",0,0,0
17,"(None, None, None)","(None, None, None)","(None, None, None)","(None, None, None)",0,0,0
17,"(None, None, None)","(None, None, None)","(None, None, None)","(None, None, None)",0,0,0
17,"(None, None, None)","(None, None, None)","(None, None, None)","(None, None, None)",0,0,0
17,"(None, None, None)","(None, None, None)","(None, None, None)","(None, None, None)",0,0,0
17,"(None, None, None)","(None, None, None)","(None, None, None)","(None, None, None)",0,0,0
17,"(None, None, None)","(None, None, None)","(None, None, None)","(None, None, None)",0,0,0
17,"(None, None, None)","(None, None, None)","(None, None, None)","(None, None, None)",0,0,0
17,"(None, None, None)","(None, None, None)","(None, None, None)","(None, None, None)",0,0,0
17,"(None, None, None)","(None, None, None)","(None, None, None)","(None, None, None)",0,0,0
17,"(None, None, None)","(None, None, None)","(None, None, None)","(None, None, None)",0,0,0
17,"(None, None, None)","(None, None, None)","(None, None, None)","(None, None, None)",0,0,0
17,"(None, None, None)","(None, None, None)","(None, None, None)","(None, None, None)",0,0,0
18,"(None, None, None)","(None, None, None)","(None, None, None)","(None, None, None)",0,0,0
18,"(None, None, None)","(None, None, None)","(None, None, None)","(None, None, None)",0,0,0
18,"(None, None, None)","(None, None, None)","(None, None, None)","(None, None, None)",0,0,0
18,"(None, None, None)","(None, None, None)","(None, None, None)","(None, None, None)",0,0,0
18,"(None, None, None)","(None, None, None)","(None, None, None)","(None, None, None)",0,0,0
18,"(None, None, None)","(None, None, None)","(None, None, None)","(None, None, None)",0,0,0
18,"(None, None, None)","(None, None, None)","(None, None, None)","(None, None, None)",0,0,0
18,"(None, None, None)","(None, None, None)","(None, None, None)","(None, None, None)",0,0,0
18,"(None, None, None)","(None, None, None)","(None, None, None)","(None, None, None)",0,0,0
18,"(None, None, None)","(None, None, None)","(None, None, None)","(None, None, None)",0,0,0
18,"(None, None, None)","(None, None, None)","(None, None, None)","(None, None, None)",0,0,0
18,"(None, None, None)","(None, None, None)","(None, None, None)","(None, None, None)",0,0,0
18,"(None, None, None)","(None, None, None)","(None, None, None)","(None, None, None)",0,0,0
18,"(None, None, None)","(None, None, None)","(None, None, None)","(None, None, None)",0,0,0
18,"(None, None, None)","(None, None, None)","(None, None, None)","(None, None, None)",0,0,0
18,"(None, None, None)","(None, None, None)","(None, None, None)","(None, None, None)",0,0,0
18,"(None, None, None)","(None, None, None)","(None, None, None)","(None, None, None)",0,0,0
18,"(None, None, None)","(None, None, None)","(None, None, None)","(None, None, None)",0,0,0
18,"(None, None, None)","(None, None, None)","(None, None, None)","(None, None, None)",0,0,0
18,"(None, None, None)","(None, None, None)","(None, None, None)","(None, None, None)",0,0,0
18,"(None, None, None)","(None, None, None)","(None, None, None)","(None, None, None)",0,0,0
18,"(None, None, None)","(None, None, None)","(None, None, None)","(None, None, None)",0,0,0
18,"(None, None, None)","(None, None, None)","(None, None, None)","(None, None, None)",0,0,0
18,"(None, None, None)","(None, None, None)","(None, None, None)","(None, None, None)",0,0,0
18,"(None, None, None)","(None, None, None)","(None, None, None)","(None, None, None)",0,0,0
18,"(None, None, None)","(None, None, None)","(None, None, None)","(None, None, None)",0,0,0
18,"(None, None, None)","(None, None, None)","(None, None, None)","(None, None, None)",0,0,0
18,"(None, None, None)","(None, None, None)","(None, None, None)","(None, None, None)",0,0,0
18,"(None, None, None)","(None, None, None)","(None, None, None)","(None, None, None)",0,0,0
18,"(None, None, None)","(None, None, None)","(None, None, None)","(None, None, None)",0,0,0
18,"(None, None, None)","(None, None, None)","(None, None, None)","(None, None, None)",0,0,0
18,"(None, None, None)","(None, None, None)","(None, None, None)","(None, None, None)",0,0,0
18,"(None, None, None)","(None, None, None)","(None, None, None)","(None, None, None)",0,0,0
18,"(None, None, None)","(None, None, None)","(None, None, None)","(None, None, None)",0,0,0
18,"(None, None, None)","(None, None, None)","(None, None, None)","(None, None, None)",0,0,0
18,"(None, None, None)","(None, None, None)","(None, None, None)","(None, None, None)",0,0,0
18,"(None, None, None)","(None, None, None)","(None, None, None)","(None, None, None)",0,0,0
18,"(None, None, None)","(None, None, None)","(None, None, None)","(None, None, None)",0,0,0
19,"(None, None, None)","(None, None, None)","(None, None, None)","(None, None, None)",0,0,0
19,"(None, None, None)","(None, None, None)","(None, None, None)","(None, None, None)",0,0,0
19,"(None, None, None)","(None, None, None)","(None, None, None)","(None, None, None)",0,0,0
19,"(None, None, None)","(None, None, None)","(None, None, None)","(None, None, None)",0,0,0
19,"(None, None, None)","(None, None, None)","(None, None, None)","(None, None, None)",0,0,0
19,"(None, None, None)","(None, None, None)","(None, None, None)","(None, None, None)",0,0,0
19,"(None, None, None)","(None, None, None)","(None, None, None)","(None, None, None)",0,0,0
19,"(None, None, None)","(None, None, None)","(None, None, None)","(None, None, None)",0,0,0
19,"(None, None, None)","(None, None, None)","(None, None, None)","(None, None, None)",0,0,0
19,"(None, None, None)","(None, None, None)","(None, None, None)","(None, None, None)",0,0,0
19,"(None, None, None)","(None, None, None)","(None, None, None)","(None, None, None)",0,0,0
19,"(None, None, None)","(None, None, None)","(None, None, None)","(None, None, None)",0,0,0
19,"(None, None, None)","(None, None, None)","(None, None, None)","(None, None, None)",0,0,0
19,"(None, None, None)","(None, None, None)","(None, None, None)","(None, None, None)",0,0,0
19,"(None, None, None)","(None, None, None)","(None, None, None)","(None, None, None)",0,0,0
19,"(None, None, None)","(None, None, None)","(None, None, None)","(None, None, None)",0,0,0
19,"(None, None, None)","(None, None, None)","(None, None, None)","(None, None, None)",0,0,0
19,"(None, None, None)","(None, None, None)","(None, None, None)","(None, None, None)",0,0,0
19,"(None, None, None)","(None, None, None)","(None, None, None)","(None, None, None)",0,0,0
19,"(None, None, None)","(None, None, None)","(None, None, None)","(None, None, None)",0,0,0
19,"(None, None, None)","(None, None, None)","(None, None, None)","(None, None, None)",0,0,0
19,"(None, None, None)","(None, None, None)","(None, None, None)","(None, None, None)",0,0,0
19,"(None, None, None)","(None, None, None)","(None, None, None)","(None, None, None)",0,0,0
19,"(None, None, None)","(None, None, None)","(None, None, None)","(None, None, None)",0,0,0
19,"(None, None, None)","(None, None, None)","(None, None, None)","(None, None, None)",0,0,0
19,"(None, None, None)","(None, None, None)","(None, None, None)","(None, None, None)",0,0,0
19,"(None, None, None)","(None, None, None)","(None, None, None)","(None, None, None)",0,0,0
19,"(None, None, None)","(None, None, None)","(None, None, None)","(None, None, None)",0,0,0
19,"(None, None, None)","(None, None, None)","(None, None, None)","(None, None, None)",0,0,0
19,"(None, None, None)","(None, None, None)","(None, None, None)","(None, None, None)",0,0,0
19,"(None, None, None)","(None, None, None)","(None, None, None)","(None, None, None)",0,0,0
19,"(None, None, None)","(None, None, None)","(None, None, None)","(None, None, None)",0,0,0
19,"(None, None, None)","(None, None, None)","(None, None, None)","(None, None, None)",0,0,0
19,"(None, None, None)","(None, None, None)","(None, None, None)","(None, None, None)",0,0,0
19,"(None, None, None)","(None, None, None)","(None, None, None)","(None, None, None)",0,0,0
19,"(None, None, None)","(None, None, None)","(None, None, None)","(None, None, None)",0,0,0
19,"(None, None, None)","(None, None, None)","(None, None, None)","(None, None, None)",0,0,0
19,"(None, None, None)","(None, None, None)","(None, None, None)","(None, None, None)",0,0,0
19,"(None, None, None)","(None, None, None)","(None, None, None)","(None, None, None)",0,0,0
19,"(None, None, None)","(None, None, None)","(None, None, None)","(None, None, None)",0,0,0
19,"(None, None, None)","(None, None, None)","(None, None, None)","(None, None, None)",0,0,0
19,"(None, None, None)","(None, None, None)","(None, None, None)","(None, None, None)",0,0,0
19,"(None, None, None)","(None, None, None)","(None, None, None)","(None, None, None)",0,0,0
19,"(None, None, None)","(None, None, None)","(None, None, None)","(None, None, None)",0,0,0
19,"(None, None, None)","(None, None, None)","(None, None, None)","(None, None, None)",0,0,0
20,"(None, None, None)","(None, None, None)","(None, None, None)","(None, None, None)",0,0,0
20,"(None, None, None)","(None, None, None)","(None, None, None)","(None, None, None)",0,0,0
20,"(None, None, None)","(None, None, None)","(None, None, None)","(None, None, None)",0,0,0
20,"(None, None, None)","(None, None, None)","(None, None, None)","(None, None, None)",0,0,0
20,"(None, None, None)","(None, None, None)","(None, None, None)","(None, None, None)",0,0,0
20,"(None, None, None)","(None, None, None)","(None, None, None)","(None, None, None)",0,0,0
20,"(None, None, None)","(None, None, None)","(None, None, None)","(None, None, None)",0,0,0
20,"(None, None, None)","(None, None, None)","(None, None, None)","(None, None, None)",0,0,0
20,"(None, None, None)","(None, None, None)","(None, None, None)","(None, None, None)",0,0,0
20,"(None, None, None)","(None, None, None)","(None, None, None)","(None, None, None)",0,0,0
20,"(None, None, None)","(None, None, None)","(None, None, None)","(None, None, None)",0,0,0
20,"(None, None, None)","(None, None, None)","(None, None, None)","(None, None, None)",0,0,0
20,"(None, None, None)","(None, None, None)","(None, None, None)","(None, None, None)",0,0,0
20,"(None, None, None)","(None, None, None)","(None, None, None)","(None, None, None)",0,0,0
20,"(None, None, None)","(None, None, None)","(None, None, None)","(None, None, None)",0,0,0
20,"(None, None, None)","(None, None, None)","(None, None, None)","(None, None, None)",0,0,0
20,"(None, None, None)","(None, None, None)","(None, None, None)","(None, None, None)",0,0,0
20,"(None, None, None)","(None, None, None)","(None, None, None)","(None, None, None)",0,0,0
20,"(None, None, None)","(None, None, None)","(None, None, None)","(None, None, None)",0,0,0
20,"(None, None, None)","(None, None, None)","(None, None, None)","(None, None, None)",0,0,0
20,"(None, None, None)","(None, None, None)","(None, None, None)","(None, None, None)",0,0,0
20,"(None, None, None)","(None, None, None)","(None, None, None)","(None, None, None)",0,0,0
20,"(None, None, None)","(None, None, None)","(None, None, None)","(None, None, None)",0,0,0
20,"(None, None, None)","(None, None, None)","(None, None, None)","(None, None, None)",0,0,0
20,"(None, None, None)","(None, None, None)","(None, None, None)","(None, None, None)",0,0,0
20,"(None, None, None)","(None, None, None)","(None, None, None)","(None, None, None)",0,0,0
20,"(None, None, None)","(None, None, None)","(None, None, None)","(None, None, None)",0,0,0
20,"(None, None, None)","(None, None, None)","(None, None, None)","(None, None, None)",0,0,0
20,"(None, None, None)","(None, None, None)","(None, None, None)","(None, None, None)",0,0,0
20,"(None, None, None)","(None, None, None)","(None, None, None)","(None, None, None)",0,0,0
20,"(None, None, None)","(None, None, None)","(None, None, None)","(None, None, None)",0,0,0
20,"(None, None, None)","(None, None, None)","(None, None, None)","(None, None, None)",0,0,0
20,"(None, None, None)","(None, None, None)","(None, None, None)","(None, None, None)",0,0,0
20,"(None, None, None)","(None, None, None)","(None, None, None)","(None, None, None)",0,0,0
20,"(None, None, None)","(None, None, None)","(None, None, None)","(None, None, None)",0,0,0
20,"(None, None, None)","(None, None, None)","(None, None, None)","(None, None, None)",0,0,0
20,"(None, None, None)","(None, None, None)","(None, None, None)","(None, None, None)",0,0,0
20,"(None, None, None)","(None, None, None)","(None, None, None)","(None, None, None)",0,0,0
20,"(None, None, None)","(None, None, None)","(None, None, None)","(None, None, None)",0,0,0
20,"(None, None, None)","(None, None, None)","(None, None, None)","(None, None, None)",0,0,0
20,"(None, None, None)","(None, None, None)","(None, None, None)","(None, None, None)",0,0,0
21,"(None, None, None)","(None, None, None)","(None, None, None)","(None, None, None)",0,0,0
21,"(None, None, None)","(None, None, None)","(None, None, None)","(None, None, None)",0,0,0
21,"(None, None, None)","(None, None, None)","(None, None, None)","(None, None, None)",0,0,0
21,"(None, None, None)","(None, None, None)","(None, None, None)","(None, None, None)",0,0,0
21,"(None, None, None)","(None, None, None)","(None, None, None)","(None, None, None)",0,0,0
21,"(None, None, None)","(None, None, None)","(None, None, None)","(None, None, None)",0,0,0
21,"(None, None, None)","(None, None, None)","(None, None, None)","(None, None, None)",0,0,0
21,"(None, None, None)","(None, None, None)","(None, None, None)","(None, None, None)",0,0,0
21,"(None, None, None)","(None, None, None)","(None, None, None)","(None, None, None)",0,0,0
21,"(None, None, None)","(None, None, None)","(None, None, None)","(None, None, None)",0,0,0
21,"(None, None, None)","(None, None, None)","(None, None, None)","(None, None, None)",0,0,0
21,"(None, None, None)","(None, None, None)","(None, None, None)","(None, None, None)",0,0,0
21,"(None, None, None)","(None, None, None)","(None, None, None)","(None, None, None)",0,0,0
21,"(None, None, None)","(None, None, None)","(None, None, None)","(None, None, None)",0,0,0
21,"(None, None, None)","(None, None, None)","(None, None, None)","(None, None, None)",0,0,0
21,"(None, None, None)","(None, None, None)","(None, None, None)","(None, None, None)",0,0,0
21,"(None, None, None)","(None, None, None)","(None, None, None)","(None, None, None)",0,0,0
21,"(None, None, None)","(None, None, None)","(None, None, None)","(None, None, None)",0,0,0
21,"(None, None, None)","(None, None, None)","(None, None, None)","(None, None, None)",0,0,0
21,"(None, None, None)","(None, None, None)","(None, None, None)","(None, None, None)",0,0,0
21,"(None, None, None)","(None, None, None)","(None, None, None)","(None, None, None)",0,0,0
21,"(None, None, None)","(None, None, None)","(None, None, None)","(None, None, None)",0,0,0
21,"(None, None, None)","(None, None, None)","(None, None, None)","(None, None, None)",0,0,0
21,"(None, None, None)","(None, None, None)","(None, None, None)","(None, None, None)",0,0,0
21,"(None, None, None)","(None, None, None)","(None, None, None)","(None, None, None)",0,0,0
21,"(None, None, None)","(None, None, None)","(None, None, None)","(None, None, None)",0,0,0
21,"(None, None, None)","(None, None, None)","(None, None, None)","(None, None, None)",0,0,0
21,"(None, None, None)","(None, None, None)","(None, None, None)","(None, None, None)",0,0,0
21,"(None, None, None)","(None, None, None)","(None, None, None)","(None, None, None)",0,0,0
21,"(None, None, None)","(None, None, None)","(None, None, None)","(None, None, None)",0,0,0
21,"(None, None, None)","(None, None, None)","(None, None, None)","(None, None, None)",0,0,0
21,"(None, None, None)","(None, None, None)","(None, None, None)","(None, None, None)",0,0,0
21,"(None, None, None)","(None, None, None)","(None, None, None)","(None, None, None)",0,0,0
21,"(None, None, None)","(None, None, None)","(None, None, None)","(None, None, None)",0,0,0
21,"(None, None, None)","(None, None, None)","(None, None, None)","(None, None, None)",0,0,0
21,"(None, None, None)","(None, None, None)","(None, None, None)","(None, None, None)",0,0,0
21,"(None, None, None)","(None, None, None)","(None, None, None)","(None, None, None)",0,0,0
21,"(None, None, None)","(None, None, None)","(None, None, None)","(None, None, None)",0,0,0
21,"(None, None, None)","(None, None, None)","(None, None, None)","(None, None, None)",0,0,0
21,"(None, None, None)","(None, None, None)","(None, None, None)","(None, None, None)",0,0,0
21,"(None, None, None)","(None, None, None)","(None, None, None)","(None, None, None)",0,0,0
21,"(None, None, None)","(None, None, None)","(None, None, None)","(None, None, None)",0,0,0
21,"(None, None, None)","(None, None, None)","(None, None, None)","(None, None, None)",0,0,0
21,"(None, None, None)","(None, None, None)","(None, None, None)","(None, None, None)",0,0,0
22,"(None, None, None)","(None, None, None)","(None, None, None)","(None, None, None)",0,0,0
22,"(None, None, None)","(None, None, None)","(None, None, None)","(None, None, None)",0,0,0
22,"(None, None, None)","(None, None, None)","(None, None, None)","(None, None, None)",0,0,0
22,"(None, None, None)","(None, None, None)","(None, None, None)","(None, None, None)",0,0,0
22,"(None, None, None)","(None, None, None)","(None, None, None)","(None, None, None)",0,0,0
22,"(None, None, None)","(None, None, None)","(None, None, None)","(None, None, None)",0,0,0
22,"(None, None, None)","(None, None, None)","(None, None, None)","(None, None, None)",0,0,0
22,"(None, None, None)","(None, None, None)","(None, None, None)","(None, None, None)",0,0,0
22,"(None, None, None)","(None, None, None)","(None, None, None)","(None, None, None)",0,0,0
22,"(None, None, None)","(None, None, None)","(None, None, None)","(None, None, None)",0,0,0
22,"(None, None, None)","(None, None, None)","(None, None, None)","(None, None, None)",0,0,0
22,"(None, None, None)","(None, None, None)","(None, None, None)","(None, None, None)",0,0,0
22,"(None, None, None)","(None, None, None)","(None, None, None)","(None, None, None)",0,0,0
22,"(None, None, None)","(None, None, None)","(None, None, None)","(None, None, None)",0,0,0
22,"(None, None, None)","(None, None, None)","(None, None, None)","(None, None, None)",0,0,0
22,"(None, None, None)","(None, None, None)","(None, None, None)","(None, None, None)",0,0,0
22,"(None, None, None)","(None, None, None)","(None, None, None)","(None, None, None)",0,0,0
22,"(None, None, None)","(None, None, None)","(None, None, None)","(None, None, None)",0,0,0
22,"(None, None, None)","(None, None, None)","(None, None, None)","(None, None, None)",0,0,0
22,"(None, None, None)","(None, None, None)","(None, None, None)","(None, None, None)",0,0,0
22,"(None, None, None)","(None, None, None)","(None, None, None)","(None, None, None)",0,0,0
22,"(None, None, None)","(None, None, None)","(None, None, None)","(None, None, None)",0,0,0
22,"(None, None, None)","(None, None, None)","(None, None, None)","(None, None, None)",0,0,0
22,"(None, None, None)","(None, None, None)","(None, None, None)","(None, None, None)",0,0,0
22,"(None, None, None)","(None, None, None)","(None, None, None)","(None, None, None)",0,0,0
22,"(None, None, None)","(None, None, None)","(None, None, None)","(None, None, None)",0,0,0
22,"(None, None, None)","(None, None, None)","(None, None, None)","(None, None, None)",0,0,0
22,"(None, None, None)","(None, None, None)","(None, None, None)","(None, None, None)",0,0,0
22,"(None, None, None)","(None, None, None)","(None, None, None)","(None, None, None)",0,0,0
22,"(None, None, None)","(None, None, None)","(None, None, None)","(None, None, None)",0,0,0
22,"(None, None, None)","(None, None, None)","(None, None, None)","(None, None, None)",0,0,0
22,"(None, None, None)","(None, None, None)","(None, None, None)","(None, None, None)",0,0,0
22,"(None, None, None)","(None, None, None)","(None, None, None)","(None, None, None)",0,0,0
22,"(None, None, None)","(None, None, None)","(None, None, None)","(None, None, None)",0,0,0
22,"(None, None, None)","(None, None, None)","(None, None, None)","(None, None, None)",0,0,0
23,"(None, None, None)","(None, None, None)","(None, None, None)","(None, None, None)",0,0,0
23,"(None, None, None)","(None, None, None)","(None, None, None)","(None, None, None)",0,0,0
23,"(None, None, None)","(None, None, None)","(None, None, None)","(None, None, None)",0,0,0
23,"(None, None, None)","(None, None, None)","(None, None, None)","(None, None, None)",0,0,0
23,"(None, None, None)","(None, None, None)","(None, None, None)","(None, None, None)",0,0,0
23,"(None, None, None)","(None, None, None)","(None, None, None)","(None, None, None)",0,0,0
23,"(None, None, None)","(None, None, None)","(None, None, None)","(None, None, None)",0,0,0
23,"(None, None, None)","(None, None, None)","(None, None, None)","(None, None, None)",0,0,0
23,"(None, None, None)","(None, None, None)","(None, None, None)","(None, None, None)",0,0,0
23,"(None, None, None)","(None, None, None)","(None, None, None)","(None, None, None)",0,0,0
23,"(None, None, None)","(None, None, None)","(None, None, None)","(None, None, None)",0,0,0
23,"(None, None, None)","(None, None, None)","(None, None, None)","(None, None, None)",0,0,0
23,"(None, None, None)","(None, None, None)","(None, None, None)","(None, None, None)",0,0,0
23,"(None, None, None)","(None, None, None)","(None, None, None)","(None, None, None)",0,0,0
23,"(None, None, None)","(None, None, None)","(None, None, None)","(None, None, None)",0,0,0
23,"(None, None, None)","(None, None, None)","(None, None, None)","(None, None, None)",0,0,0
23,"(None, None, None)","(None, None, None)","(None, None, None)","(None, None, None)",0,0,0
23,"(None, None, None)","(None, None, None)","(None, None, None)","(None, None, None)",0,0,0
23,"(None, None, None)","(None, None, None)","(None, None, None)","(None, None, None)",0,0,0
23,"(None, None, None)","(None, None, None)","(None, None, None)","(None, None, None)",0,0,0
23,"(None, None, None)","(None, None, None)","(None, None, None)","(None, None, None)",0,0,0
23,"(None, None, None)","(None, None, None)","(None, None, None)","(None, None, None)",0,0,0
23,"(None, None, None)","(None, None, None)","(None, None, None)","(None, None, None)",0,0,0
23,"(None, None, None)","(None, None, None)","(None, None, None)","(None, None, None)",0,0,0
23,"(None, None, None)","(None, None, None)","(None, None, None)","(None, None, None)",0,0,0
23,"(None, None, None)","(None, None, None)","(None, None, None)","(None, None, None)",0,0,0
23,"(None, None, None)","(None, None, None)","(None, None, None)","(None, None, None)",0,0,0
23,"(None, None, None)","(None, None, None)","(None, None, None)","(None, None, None)",0,0,0
23,"(None, None, None)","(None, None, None)","(None, None, None)","(None, None, None)",0,0,0
23,"(None, None, None)","(None, None, None)","(None, None, None)","(None, None, None)",0,0,0
23,"(None, None, None)","(None, None, None)","(None, None, None)","(None, None, None)",0,0,0
23,"(None, None, None)","(None, None, None)","(None, None, None)","(None, None, None)",0,0,0
23,"(None, None, None)","(None, None, None)","(None, None, None)","(None, None, None)",0,0,0
23,"(None, None, None)","(None, None, None)","(None, None, None)","(None, None, None)",0,0,0
23,"(None, None, None)","(None, None, None)","(None, None, None)","(None, None, None)",0,0,0
23,"(None, None, None)","(None, None, None)","(None, None, None)","(None, None, None)",0,0,0
23,"(None, None, None)","(None, None, None)","(None, None, None)","(None, None, None)",0,0,0
23,"(None, None, None)","(None, None, None)","(None, None, None)","(None, None, None)",0,0,0
23,"(None, None, None)","(None, None, None)","(None, None, None)","(None, None, None)",0,0,0
23,"(None, None, None)","(None, None, None)","(None, None, None)","(None, None, None)",0,0,0
23,"(None, None, None)","(None, None, None)","(None, None, None)","(None, None, None)",0,0,0
23,"(None, None, None)","(None, None, None)","(None, None, None)","(None, None, None)",0,0,0
23,"(None, None, None)","(None, None, None)","(None, None, None)","(None, None, None)",0,0,0
23,"(None, None, None)","(None, None, None)","(None, None, None)","(None, None, None)",0,0,0
23,"(None, None, None)","(None, None, None)","(None, None, None)","(None, None, None)",0,0,0
23,"(None, None, None)","(None, None, None)","(None, None, None)","(None, None, None)",0,0,0
23,"(None, None, None)","(None, None, None)","(None, None, None)","(None, None, None)",0,0,0
23,"(None, None, None)","(None, None, None)","(None, None, None)","(None, None, None)",0,0,0
23,"(None, None, None)","(None, None, None)","(None, None, None)","(None, None, None)",0,0,0
24,"(None, None, None)","(None, None, None)","(None, None, None)","(None, None, None)",0,0,0
24,"(None, None, None)","(None, None, None)","(None, None, None)","(None, None, None)",0,0,0
24,"(None, None, None)","(None, None, None)","(None, None, None)","(None, None, None)",0,0,0
24,"(None, None, None)","(None, None, None)","(None, None, None)","(None, None, None)",0,0,0
24,"(None, None, None)","(None, None, None)","(None, None, None)","(None, None, None)",0,0,0
24,"(None, None, None)","(None, None, None)","(None, None, None)","(None, None, None)",0,0,0
24,"(None, None, None)","(None, None, None)","(None, None, None)","(None, None, None)",0,0,0
24,"(None, None, None)","(None, None, None)","(None, None, None)","(None, None, None)",0,0,0
24,"(None, None, None)","(None, None, None)","(None, None, None)","(None, None, None)",0,0,0
24,"(None, None, None)","(None, None, None)","(None, None, None)","(None, None, None)",0,0,0
24,"(None, None, None)","(None, None, None)","(None, None, None)","(None, None, None)",0,0,0
24,"(None, None, None)","(None, None, None)","(None, None, None)","(None, None, None)",0,0,0
24,"(None, None, None)","(None, None, None)","(None, None, None)","(None, None, None)",0,0,0
24,"(None, None, None)","(None, None, None)","(None, None, None)","(None, None, None)",0,0,0
24,"(None, None, None)","(None, None, None)","(None, None, None)","(None, None, None)",0,0,0
24,"(None, None, None)","(None, None, None)","(None, None, None)","(None, None, None)",0,0,0
24,"(None, None, None)","(None, None, None)","(None, None, None)","(None, None, None)",0,0,0
24,"(None, None, None)","(None, None, None)","(None, None, None)","(None, None, None)",0,0,0
24,"(None, None, None)","(None, None, None)","(None, None, None)","(None, None, None)",0,0,0
24,"(None, None, None)","(None, None, None)","(None, None, None)","(None, None, None)",0,0,0
24,"(None, None, None)","(None, None, None)","(None, None, None)","(None, None, None)",0,0,0
24,"(None, None, None)","(None, None, None)","(None, None, None)","(None, None, None)",0,0,0
24,"(None, None, None)","(None, None, None)","(None, None, None)","(None, None, None)",0,0,0
24,"(None, None, None)","(None, None, None)","(None, None, None)","(None, None, None)",0,0,0
24,"(None, None, None)","(None, None, None)","(None, None, None)","(None, None, None)",0,0,0
24,"(None, None, None)","(None, None, None)","(None, None, None)","(None, None, None)",0,0,0
24,"(None, None, None)","(None, None, None)","(None, None, None)","(None, None, None)",0,0,0
24,"(None, None, None)","(None, None, None)","(None, None, None)","(None, None, None)",0,0,0
24,"(None, None, None)","(None, None, None)","(None, None, None)","(None, None, None)",0,0,0
24,"(None, None, None)","(None, None, None)","(None, None, None)","(None, None, None)",0,0,0
24,"(None, None, None)","(None, None, None)","(None, None, None)","(None, None, None)",0,0,0
24,"(None, None, None)","(None, None, None)","(None, None, None)","(None, None, None)",0,0,0
24,"(None, None, None)","(None, None, None)","(None, None, None)","(None, None, None)",0,0,0
24,"(None, None, None)","(None, None, None)","(None, None, None)","(None, None, None)",0,0,0
24,"(None, None, None)","(None, None, None)","(None, None, None)","(None, None, None)",0,0,0
24,"(None, None, None)","(None, None, None)","(None, None, None)","(None, None, None)",0,0,0
24,"(None, None, None)","(None, None, None)","(None, None, None)","(None, None, None)",0,0,0
24,"(None, None, None)","(None, None, None)","(None, None, None)","(None, None, None)",0,0,0
24,"(None, None, None)","(None, None, None)","(None, None, None)","(None, None, None)",0,0,0
24,"(None, None, None)","(None, None, None)","(None, None, None)","(None, None, None)",0,0,0
24,"(None, None, None)","(None, None, None)","(None, None, None)","(None, None, None)",0,0,0
24,"(None, None, None)","(None, None, None)","(None, None, None)","(None, None, None)",0,0,0
24,"(None, None, None)","(None, None, None)","(None, None, None)","(None, None, None)",0,0,0
24,"(None, None, None)","(None, None, None)","(None, None, None)","(None, None, None)",0,0,0
24,"(None, None, None)","(None, None, None)","(None, None, None)","(None, None, None)",0,0,0
24,"(None, None, None)","(None, None, None)","(None, None, None)","(None, None, None)",0,0,0
24,"(None, None, None)","(None, None, None)","(None, None, None)","(None, None, None)",0,0,0
24,"(None, None, None)","(None, None, None)","(None, None, None)","(None, None, None)",0,0,0
24,"(None, None, None)","(None, None, None)","(None, None, None)","(None, None, None)",0,0,0
25,"(None, None, None)","(None, None, None)","(None, None, None)","(None, None, None)",0,0,0
25,"(None, None, None)","(None, None, None)","(None, None, None)","(None, None, None)",0,0,0
25,"(None, None, None)","(None, None, None)","(None, None, None)","(None, None, None)",0,0,0
25,"(None, None, None)","(None, None, None)","(None, None, None)","(None, None, None)",0,0,0
25,"(None, None, None)","(None, None, None)","(None, None, None)","(None, None, None)",0,0,0
25,"(None, None, None)","(None, None, None)","(None, None, None)","(None, None, None)",0,0,0
25,"(None, None, None)","(None, None, None)","(None, None, None)","(None, None, None)",0,0,0
25,"(None, None, None)","(None, None, None)","(None, None, None)","(None, None, None)",0,0,0
25,"(None, None, None)","(None, None, None)","(None, None, None)","(None, None, None)",0,0,0
25,"(None, None, None)","(None, None, None)","(None, None, None)","(None, None, None)",0,0,0
25,"(None, None, None)","(None, None, None)","(None, None, None)","(None, None, None)",0,0,0
25,"(None, None, None)","(None, None, None)","(None, None, None)","(None, None, None)",0,0,0
25,"(None, None, None)","(None, None, None)","(None, None, None)","(None, None, None)",0,0,0
25,"(None, None, None)","(None, None, None)","(None, None, None)","(None, None, None)",0,0,0
25,"(None, None, None)","(None, None, None)","(None, None, None)","(None, None, None)",0,0,0
25,"(None, None, None)","(None, None, None)","(None, None, None)","(None, None, None)",0,0,0
25,"(None, None, None)","(None, None, None)","(None, None, None)","(None, None, None)",0,0,0
25,"(None, None, None)","(None, None, None)","(None, None, None)","(None, None, None)",0,0,0
25,"(None, None, None)","(None, None, None)","(None, None, None)","(None, None, None)",0,0,0
25,"(None, None, None)","(None, None, None)","(None, None, None)","(None, None, None)",0,0,0
25,"(None, None, None)","(None, None, None)","(None, None, None)","(None, None, None)",0,0,0
25,"(None, None, None)","(None, None, None)","(None, None, None)","(None, None, None)",0,0,0
25,"(None, None, None)","(None, None, None)","(None, None, None)","(None, None, None)",0,0,0
25,"(None, None, None)","(None, None, None)","(None, None, None)","(None, None, None)",0,0,0
25,"(None, None, None)","(None, None, None)","(None, None, None)","(None, None, None)",0,0,0
25,"(None, None, None)","(None, None, None)","(None, None, None)","(None, None, None)",0,0,0
25,"(None, None, None)","(None, None, None)","(None, None, None)","(None, None, None)",0,0,0
25,"(None, None, None)","(None, None, None)","(None, None, None)","(None, None, None)",0,0,0
25,"(None, None, None)","(None, None, None)","(None, None, None)","(None, None, None)",0,0,0
25,"(None, None, None)","(None, None, None)","(None, None, None)","(None, None, None)",0,0,0
25,"(None, None, None)","(None, None, None)","(None, None, None)","(None, None, None)",0,0,0
25,"(None, None, None)","(None, None, None)","(None, None, None)","(None, None, None)",0,0,0
25,"(None, None, None)","(None, None, None)","(None, None, None)","(None, None, None)",0,0,0
25,"(None, None, None)","(None, None, None)","(None, None, None)","(None, None, None)",0,0,0
25,"(None, None, None)","(None, None, None)","(None, None, None)","(None, None, None)",0,0,0
25,"(None, None, None)","(None, None, None)","(None, None, None)","(None, None, None)",0,0,0
25,"(None, None, None)","(None, None, None)","(None, None, None)","(None, None, None)",0,0,0
25,"(None, None, None)","(None, None, None)","(None, None, None)","(None, None, None)",0,0,0
25,"(None, None, None)","(None, None, None)","(None, None, None)","(None, None, None)",0,0,0
25,"(None, None, None)","(None, None, None)","(None, None, None)","(None, None, None)",0,0,0
25,"(None, None, None)","(None, None, None)","(None, None, None)","(None, None, None)",0,0,0
25,"(None, None, None)","(None, None, None)","(None, None, None)","(None, None, None)",0,0,0
25,"(None, None, None)","(None, None, None)","(None, None, None)","(None, None, None)",0,0,0
25,"(None, None, None)","(None, None, None)","(None, None, None)","(None, None, None)",0,0,0
25,"(None, None, None)","(None, None, None)","(None, None, None)","(None, None, None)",0,0,0
25,"(None, None, None)","(None, None, None)","(None, None, None)","(None, None, None)",0,0,0
25,"(None, None, None)","(None, None, None)","(None, None, None)","(None, None, None)",0,0,0
25,"(None, None, None)","(None, None, None)","(None, None, None)","(None, None, None)",0,0,0
25,"(None, None, None)","(None, None, None)","(None, None, None)","(None, None, None)",0,0,0
26,"(None, None, None)","(None, None, None)","(None, None, None)","(None, None, None)",0,0,0
26,"(None, None, None)","(None, None, None)","(None, None, None)","(None, None, None)",0,0,0
26,"(None, None, None)","(None, None, None)","(None, None, None)","(None, None, None)",0,0,0
26,"(None, None, None)","(None, None, None)","(None, None, None)","(None, None, None)",0,0,0
26,"(None, None, None)","(None, None, None)","(None, None, None)","(None, None, None)",0,0,0
26,"(None, None, None)","(None, None, None)","(None, None, None)","(None, None, None)",0,0,0
26,"(None, None, None)","(None, None, None)","(None, None, None)","(None, None, None)",0,0,0
26,"(None, None, None)","(None, None, None)","(None, None, None)","(None, None, None)",0,0,0
26,"(None, None, None)","(None, None, None)","(None, None, None)","(None, None, None)",0,0,0
26,"(None, None, None)","(None, None, None)","(None, None, None)","(None, None, None)",0,0,0
26,"(None, None, None)","(None, None, None)","(None, None, None)","(None, None, None)",0,0,0
26,"(None, None, None)","(None, None, None)","(None, None, None)","(None, None, None)",0,0,0
26,"(None, None, None)","(None, None, None)","(None, None, None)","(None, None, None)",0,0,0
26,"(None, None, None)","(None, None, None)","(None, None, None)","(None, None, None)",0,0,0
26,"(None, None, None)","(None, None, None)","(None, None, None)","(None, None, None)",0,0,0
26,"(None, None, None)","(None, None, None)","(None, None, None)","(None, None, None)",0,0,0
26,"(None, None, None)","(None, None, None)","(None, None, None)","(None, None, None)",0,0,0
26,"(None, None, None)","(None, None, None)","(None, None, None)","(None, None, None)",0,0,0
26,"(None, None, None)","(None, None, None)","(None, None, None)","(None, None, None)",0,0,0
26,"(None, None, None)","(None, None, None)","(None, None, None)","(None, None, None)",0,0,0
26,"(None, None, None)","(None, None, None)","(None, None, None)","(None, None, None)",0,0,0
26,"(None, None, None)","(None, None, None)","(None, None, None)","(None, None, None)",0,0,0
26,"(None, None, None)","(None, None, None)","(None, None, None)","(None, None, None)",0,0,0
26,"(None, None, None)","(None, None, None)","(None, None, None)","(None, None, None)",0,0,0
26,"(None, None, None)","(None, None, None)","(None, None, None)","(None, None, None)",0,0,0
26,"(None, None, None)","(None, None, None)","(None, None, None)","(None, None, None)",0,0,0
26,"(None, None, None)","(None, None, None)","(None, None, None)","(None, None, None)",0,0,0
26,"(None, None, None)","(None, None, None)","(None, None, None)","(None, None, None)",0,0,0
26,"(None, None, None)","(None, None, None)","(None, None, None)","(None, None, None)",0,0,0
26,"(None, None, None)","(None, None, None)","(None, None, None)","(None, None, None)",0,0,0
26,"(None, None, None)","(None, None, None)","(None, None, None)","(None, None, None)",0,0,0
26,"(None, None, None)","(None, None, None)","(None, None, None)","(None, None, None)",0,0,0
26,"(None, None, None)","(None, None, None)","(None, None, None)","(None, None, None)",0,0,0
26,"(None, None, None)","(None, None, None)","(None, None, None)","(None, None, None)",0,0,0
26,"(None, None, None)","(None, None, None)","(None, None, None)","(None, None, None)",0,0,0
26,"(None, None, None)","(None, None, None)","(None, None, None)","(None, None, None)",0,0,0
26,"(None, None, None)","(None, None, None)","(None, None, None)","(None, None, None)",0,0,0
26,"(None, None, None)","(None, None, None)","(None, None, None)","(None, None, None)",0,0,0
26,"(None, None, None)","(None, None, None)","(None, None, None)","(None, None, None)",0,0,0
26,"(None, None, None)","(None, None, None)","(None, None, None)","(None, None, None)",0,0,0
26,"(None, None, None)","(None, None, None)","(None, None, None)","(None, None, None)",0,0,0
26,"(None, None, None)","(None, None, None)","(None, None, None)","(None, None, None)",0,0,0
26,"(None, None, None)","(None, None, None)","(None, None, None)","(None, None, None)",0,0,0
26,"(None, None, None)","(None, None, None)","(None, None, None)","(None, None, None)",0,0,0
26,"(None, None, None)","(None, None, None)","(None, None, None)","(None, None, None)",0,0,0
26,"(None, None, None)","(None, None, None)","(None, None, None)","(None, None, None)",0,0,0
27,"(None, None, None)","(None, None, None)","(None, None, None)","(None, None, None)",0,0,0
27,"(None, None, None)","(None, None, None)","(None, None, None)","(None, None, None)",0,0,0
27,"(None, None, None)","(None, None, None)","(None, None, None)","(None, None, None)",0,0,0
27,"(None, None, None)","(None, None, None)","(None, None, None)","(None, None, None)",0,0,0
27,"(None, None, None)","(None, None, None)","(None, None, None)","(None, None, None)",0,0,0
27,"(None, None, None)","(None, None, None)","(None, None, None)","(None, None, None)",0,0,0
27,"(None, None, None)","(None, None, None)","(None, None, None)","(None, None, None)",0,0,0
27,"(None, None, None)","(None, None, None)","(None, None, None)","(None, None, None)",0,0,0
27,"(None, None, None)","(None, None, None)","(None, None, None)","(None, None, None)",0,0,0
27,"(None, None, None)","(None, None, None)","(None, None, None)","(None, None, None)",0,0,0
27,"(None, None, None)","(None, None, None)","(None, None, None)","(None, None, None)",0,0,0
27,"(None, None, None)","(None, None, None)","(None, None, None)","(None, None, None)",0,0,0
27,"(None, None, None)","(None, None, None)","(None, None, None)","(None, None, None)",0,0,0
27,"(None, None, None)","(None, None, None)","(None, None, None)","(None, None, None)",0,0,0
27,"(None, None, None)","(None, None, None)","(None, None, None)","(None, None, None)",0,0,0
27,"(None, None, None)","(None, None, None)","(None, None, None)","(None, None, None)",0,0,0
27,"(None, None, None)","(None, None, None)","(None, None, None)","(None, None, None)",0,0,0
27,"(None, None, None)","(None, None, None)","(None, None, None)","(None, None, None)",0,0,0
27,"(None, None, None)","(None, None, None)","(None, None, None)","(None, None, None)",0,0,0
27,"(None, None, None)","(None, None, None)","(None, None, None)","(None, None, None)",0,0,0
27,"(None, None, None)","(None, None, None)","(None, None, None)","(None, None, None)",0,0,0
27,"(None, None, None)","(None, None, None)","(None, None, None)","(None, None, None)",0,0,0
27,"(None, None, None)","(None, None, None)","(None, None, None)","(None, None, None)",0,0,0
27,"(None, None, None)","(None, None, None)","(None, None, None)","(None, None, None)",0,0,0
27,"(None, None, None)","(None, None, None)","(None, None, None)","(None, None, None)",0,0,0
27,"(None, None, None)","(None, None, None)","(None, None, None)","(None, None, None)",0,0,0
27,"(None, None, None)","(None, None, None)","(None, None, None)","(None, None, None)",0,0,0
27,"(None, None, None)","(None, None, None)","(None, None, None)","(None, None, None)",0,0,0
27,"(None, None, None)","(None, None, None)","(None, None, None)","(None, None, None)",0,0,0
27,"(None, None, None)","(None, None, None)","(None, None, None)","(None, None, None)",0,0,0
27,"(None, None, None)","(None, None, None)","(None, None, None)","(None, None, None)",0,0,0
27,"(None, None, None)","(None, None, None)","(None, None, None)","(None, None, None)",0,0,0
27,"(None, None, None)","(None, None, None)","(None, None, None)","(None, None, None)",0,0,0
27,"(None, None, None)","(None, None, None)","(None, None, None)","(None, None, None)",0,0,0
27,"(None, None, None)","(None, None, None)","(None, None, None)","(None, None, None)",0,0,0
27,"(None, None, None)","(None, None, None)","(None, None, None)","(None, None, None)",0,0,0
27,"(None, None, None)","(None, None, None)","(None, None, None)","(None, None, None)",0,0,0
27,"(None, None, None)","(None, None, None)","(None, None, None)","(None, None, None)",0,0,0
27,"(None, None, None)","(None, None, None)","(None, None, None)","(None, None, None)",0,0,0
27,"(None, None, None)","(None, None, None)","(None, None, None)","(None, None, None)",0,0,0
27,"(None, None, None)","(None, None, None)","(None, None, None)","(None, None, None)",0,0,0
27,"(None, None, None)","(None, None, None)","(None, None, None)","(None, None, None)",0,0,0
27,"(None, None, None)","(None, None, None)","(None, None, None)","(None, None, None)",0,0,0
27,"(None, None, None)","(None, None, None)","(None, None, None)","(None, None, None)",0,0,0
27,"(None, None, None)","(None, None, None)","(None, None, None)","(None, None, None)",0,0,0
27,"(None, None, None)","(None, None, None)","(None, None, None)","(None, None, None)",0,0,0
27,"(None, None, None)","(None, None, None)","(None, None, None)","(None, None, None)",0,0,0
28,"(None, None, None)","(None, None, None)","(None, None, None)","(None, None, None)",0,0,0
28,"(None, None, None)","(None, None, None)","(None, None, None)","(None, None, None)",0,0,0
28,"(None, None, None)","(None, None, None)","(None, None, None)","(None, None, None)",0,0,0
28,"(None, None, None)","(None, None, None)","(None, None, None)","(None, None, None)",0,0,0
28,"(None, None, None)","(None, None, None)","(None, None, None)","(None, None, None)",0,0,0
28,"(None, None, None)","(None, None, None)","(None, None, None)","(None, None, None)",0,0,0
28,"(None, None, None)","(None, None, None)","(None, None, None)","(None, None, None)",0,0,0
28,"(None, None, None)","(None, None, None)","(None, None, None)","(None, None, None)",0,0,0
28,"(None, None, None)","(None, None, None)","(None, None, None)","(None, None, None)",0,0,0
28,"(None, None, None)","(None, None, None)","(None, None, None)","(None, None, None)",0,0,0
28,"(None, None, None)","(None, None, None)","(None, None, None)","(None, None, None)",0,0,0
28,"(None, None, None)","(None, None, None)","(None, None, None)","(None, None, None)",0,0,0
28,"(None, None, None)","(None, None, None)","(None, None, None)","(None, None, None)",0,0,0
28,"(None, None, None)","(None, None, None)","(None, None, None)","(None, None, None)",0,0,0
28,"(None, None, None)","(None, None, None)","(None, None, None)","(None, None, None)",0,0,0
28,"(None, None, None)","(None, None, None)","(None, None, None)","(None, None, None)",0,0,0
28,"(None, None, None)","(None, None, None)","(None, None, None)","(None, None, None)",0,0,0
28,"(None, None, None)","(None, None, None)","(None, None, None)","(None, None, None)",0,0,0
28,"(None, None, None)","(None, None, None)","(None, None, None)","(None, None, None)",0,0,0
28,"(None, None, None)","(None, None, None)","(None, None, None)","(None, None, None)",0,0,0
28,"(None, None, None)","(None, None, None)","(None, None, None)","(None, None, None)",0,0,0
28,"(None, None, None)","(None, None, None)","(None, None, None)","(None, None, None)",0,0,0
28,"(None, None, None)","(None, None, None)","(None, None, None)","(None, None, None)",0,0,0
28,"(None, None, None)","(None, None, None)","(None, None, None)","(None, None, None)",0,0,0
28,"(None, None, None)","(None, None, None)","(None, None, None)","(None, None, None)",0,0,0
28,"(None, None, None)","(None, None, None)","(None, None, None)","(None, None, None)",0,0,0
28,"(None, None, None)","(None, None, None)","(None, None, None)","(None, None, None)",0,0,0
28,"(None, None, None)","(None, None, None)","(None, None, None)","(None, None, None)",0,0,0
28,"(None, None, None)","(None, None, None)","(None, None, None)","(None, None, None)",0,0,0
28,"(None, None, None)","(None, None, None)","(None, None, None)","(None, None, None)",0,0,0
28,"(None, None, None)","(None, None, None)","(None, None, None)","(None, None, None)",0,0,0
28,"(None, None, None)","(None, None, None)","(None, None, None)","(None, None, None)",0,0,0
28,"(None, None, None)","(None, None, None)","(None, None, None)","(None, None, None)",0,0,0
28,"(None, None, None)","(None, None, None)","(None, None, None)","(None, None, None)",0,0,0
28,"(None, None, None)","(None, None, None)","(None, None, None)","(None, None, None)",0,0,0
28,"(None, None, None)","(None, None, None)","(None, None, None)","(None, None, None)",0,0,0
28,"(None, None, None)","(None, None, None)","(None, None, None)","(None, None, None)",0,0,0
28,"(None, None, None)","(None, None, None)","(None, None, None)","(None, None, None)",0,0,0
28,"(None, None, None)","(None, None, None)","(None, None, None)","(None, None, None)",0,0,0
28,"(None, None, None)","(None, None, None)","(None, None, None)","(None, None, None)",0,0,0
28,"(None, None, None)","(None, None, None)","(None, None, None)","(None, None, None)",0,0,0
28,"(None, None, None)","(None, None, None)","(None, None, None)","(None, None, None)",0,0,0
29,"(None, None, None)","(None, None, None)","(None, None, None)","(None, None, None)",0,0,0
29,"(None, None, None)","(None, None, None)","(None, None, None)","(None, None, None)",0,0,0
29,"(None, None, None)","(None, None, None)","(None, None, None)","(None, None, None)",0,0,0
29,"(None, None, None)","(None, None, None)","(None, None, None)","(None, None, None)",0,0,0
29,"(None, None, None)","(None, None, None)","(None, None, None)","(None, None, None)",0,0,0
29,"(None, None, None)","(None, None, None)","(None, None, None)","(None, None, None)",0,0,0
29,"(None, None, None)","(None, None, None)","(None, None, None)","(None, None, None)",0,0,0
29,"(None, None, None)","(None, None, None)","(None, None, None)","(None, None, None)",0,0,0
29,"(None, None, None)","(None, None, None)","(None, None, None)","(None, None, None)",0,0,0
29,"(None, None, None)","(None, None, None)","(None, None, None)","(None, None, None)",0,0,0
29,"(None, None, None)","(None, None, None)","(None, None, None)","(None, None, None)",0,0,0
29,"(None, None, None)","(None, None, None)","(None, None, None)","(None, None, None)",0,0,0
29,"(None, None, None)","(None, None, None)","(None, None, None)","(None, None, None)",0,0,0
29,"(None, None, None)","(None, None, None)","(None, None, None)","(None, None, None)",0,0,0
29,"(None, None, None)","(None, None, None)","(None, None, None)","(None, None, None)",0,0,0
29,"(None, None, None)","(None, None, None)","(None, None, None)","(None, None, None)",0,0,0
29,"(None, None, None)","(None, None, None)","(None, None, None)","(None, None, None)",0,0,0
29,"(None, None, None)","(None, None, None)","(None, None, None)","(None, None, None)",0,0,0
29,"(None, None, None)","(None, None, None)","(None, None, None)","(None, None, None)",0,0,0
29,"(None, None, None)","(None, None, None)","(None, None, None)","(None, None, None)",0,0,0
29,"(None, None, None)","(None, None, None)","(None, None, None)","(None, None, None)",0,0,0
29,"(None, None, None)","(None, None, None)","(None, None, None)","(None, None, None)",0,0,0
29,"(None, None, None)","(None, None, None)","(None, None, None)","(None, None, None)",0,0,0
29,"(None, None, None)","(None, None, None)","(None, None, None)","(None, None, None)",0,0,0
29,"(None, None, None)","(None, None, None)","(None, None, None)","(None, None, None)",0,0,0
29,"(None, None, None)","(None, None, None)","(None, None, None)","(None, None, None)",0,0,0
29,"(None, None, None)","(None, None, None)","(None, None, None)","(None, None, None)",0,0,0
29,"(None, None, None)","(None, None, None)","(None, None, None)","(None, None, None)",0,0,0
29,"(None, None, None)","(None, None, None)","(None, None, None)","(None, None, None)",0,0,0
29,"(None, None, None)","(None, None, None)","(None, None, None)","(None, None, None)",0,0,0
29,"(None, None, None)","(None, None, None)","(None, None, None)","(None, None, None)",0,0,0
29,"(None, None, None)","(None, None, None)","(None, None, None)","(None, None, None)",0,0,0
29,"(None, None, None)","(None, None, None)","(None, None, None)","(None, None, None)",0,0,0
29,"(None, None, None)","(None, None, None)","(None, None, None)","(None, None, None)",0,0,0
29,"(None, None, None)","(None, None, None)","(None, None, None)","(None, None, None)",0,0,0
29,"(None, None, None)","(None, None, None)","(None, None, None)","(None, None, None)",0,0,0
29,"(None, None, None)","(None, None, None)","(None, None, None)","(None, None, None)",0,0,0
29,"(None, None, None)","(None, None, None)","(None, None, None)","(None, None, None)",0,0,0
29,"(None, None, None)","(None, None, None)","(None, None, None)","(None, None, None)",0,0,0
29,"(None, None, None)","(None, None, None)","(None, None, None)","(None, None, None)",0,0,0
29,"(None, None, None)","(None, None, None)","(None, None, None)","(None, None, None)",0,0,0
29,"(None, None, None)","(None, None, None)","(None, None, None)","(None, None, None)",0,0,0
29,"(None, None, None)","(None, None, None)","(None, None, None)","(None, None, None)",0,0,0
29,"(None, None, None)","(None, None, None)","(None, None, None)","(None, None, None)",0,0,0
29,"(None, None, None)","(None, None, None)","(None, None, None)","(None, None, None)",0,0,0
29,"(None, None, None)","(None, None, None)","(None, None, None)","(None, None, None)",0,0,0
29,"(None, None, None)","(None, None, None)","(None, None, None)","(None, None, None)",0,0,0
30,"(None, None, None)","(None, None, None)","(None, None, None)","(None, None, None)",0,0,0
30,"(None, None, None)","(None, None, None)","(None, None, None)","(None, None, None)",0,0,0
30,"(None, None, None)","(None, None, None)","(None, None, None)","(None, None, None)",0,0,0
30,"(None, None, None)","(None, None, None)","(None, None, None)","(None, None, None)",0,0,0
30,"(None, None, None)","(None, None, None)","(None, None, None)","(None, None, None)",0,0,0
30,"(None, None, None)","(None, None, None)","(None, None, None)","(None, None, None)",0,0,0
30,"(None, None, None)","(None, None, None)","(None, None, None)","(None, None, None)",0,0,0
30,"(None, None, None)","(None, None, None)","(None, None, None)","(None, None, None)",0,0,0
30,"(None, None, None)","(None, None, None)","(None, None, None)","(None, None, None)",0,0,0
30,"(None, None, None)","(None, None, None)","(None, None, None)","(None, None, None)",0,0,0
30,"(None, None, None)","(None, None, None)","(None, None, None)","(None, None, None)",0,0,0
30,"(None, None, None)","(None, None, None)","(None, None, None)","(None, None, None)",0,0,0
30,"(None, None, None)","(None, None, None)","(None, None, None)","(None, None, None)",0,0,0
30,"(None, None, None)","(None, None, None)","(None, None, None)","(None, None, None)",0,0,0
30,"(None, None, None)","(None, None, None)","(None, None, None)","(None, None, None)",0,0,0
30,"(None, None, None)","(None, None, None)","(None, None, None)","(None, None, None)",0,0,0
30,"(None, None, None)","(None, None, None)","(None, None, None)","(None, None, None)",0,0,0
30,"(None, None, None)","(None, None, None)","(None, None, None)","(None, None, None)",0,0,0
30,"(None, None, None)","(None, None, None)","(None, None, None)","(None, None, None)",0,0,0
30,"(None, None, None)","(None, None, None)","(None, None, None)","(None, None, None)",0,0,0
30,"(None, None, None)","(None, None, None)","(None, None, None)","(None, None, None)",0,0,0
30,"(None, None, None)","(None, None, None)","(None, None, None)","(None, None, None)",0,0,0
30,"(None, None, None)","(None, None, None)","(None, None, None)","(None, None, None)",0,0,0
30,"(None, None, None)","(None, None, None)","(None, None, None)","(None, None, None)",0,0,0
30,"(None, None, None)","(None, None, None)","(None, None, None)","(None, None, None)",0,0,0
30,"(None, None, None)","(None, None, None)","(None, None, None)","(None, None, None)",0,0,0
30,"(None, None, None)","(None, None, None)","(None, None, None)","(None, None, None)",0,0,0
30,"(None, None, None)","(None, None, None)","(None, None, None)","(None, None, None)",0,0,0
30,"(None, None, None)","(None, None, None)","(None, None, None)","(None, None, None)",0,0,0
30,"(None, None, None)","(None, None, None)","(None, None, None)","(None, None, None)",0,0,0
30,"(None, None, None)","(None, None, None)","(None, None, None)","(None, None, None)",0,0,0
30,"(None, None, None)","(None, None, None)","(None, None, None)","(None, None, None)",0,0,0
30,"(None, None, None)","(None, None, None)","(None, None, None)","(None, None, None)",0,0,0
30,"(None, None, None)","(None, None, None)","(None, None, None)","(None, None, None)",0,0,0
30,"(None, None, None)","(None, None, None)","(None, None, None)","(None, None, None)",0,0,0
30,"(None, None, None)","(None, None, None)","(None, None, None)","(None, None, None)",0,0,0
30,"(None, None, None)","(None, None, None)","(None, None, None)","(None, None, None)",0,0,0
30,"(None, None, None)","(None, None, None)","(None, None, None)","(None, None, None)",0,0,0
30,"(None, None, None)","(None, None, None)","(None, None, None)","(None, None, None)",0,0,0
30,"(None, None, None)","(None, None, None)","(None, None, None)","(None, None, None)",0,0,0
30,"(None, None, None)","(None, None, None)","(None, None, None)","(None, None, None)",0,0,0
30,"(None, None, None)","(None, None, None)","(None, None, None)","(None, None, None)",0,0,0
30,"(None, None, None)","(None, None, None)","(None, None, None)","(None, None, None)",0,0,0
30,"(None, None, None)","(None, None, None)","(None, None, None)","(None, None, None)",0,0,0
31,"(None, None, None)","(None, None, None)","(None, None, None)","(None, None, None)",0,0,0
31,"(None, None, None)","(None, None, None)","(None, None, None)","(None, None, None)",0,0,0
31,"(None, None, None)","(None, None, None)","(None, None, None)","(None, None, None)",0,0,0
31,"(None, None, None)","(None, None, None)","(None, None, None)","(None, None, None)",0,0,0
31,"(None, None, None)","(None, None, None)","(None, None, None)","(None, None, None)",0,0,0
31,"(None, None, None)","(None, None, None)","(None, None, None)","(None, None, None)",0,0,0
31,"(None, None, None)","(None, None, None)","(None, None, None)","(None, None, None)",0,0,0
31,"(None, None, None)","(None, None, None)","(None, None, None)","(None, None, None)",0,0,0
31,"(None, None, None)","(None, None, None)","(None, None, None)","(None, None, None)",0,0,0
31,"(None, None, None)","(None, None, None)","(None, None, None)","(None, None, None)",0,0,0
31,"(None, None, None)","(None, None, None)","(None, None, None)","(None, None, None)",0,0,0
31,"(None, None, None)","(None, None, None)","(None, None, None)","(None, None, None)",0,0,0
31,"(None, None, None)","(None, None, None)","(None, None, None)","(None, None, None)",0,0,0
31,"(None, None, None)","(None, None, None)","(None, None, None)","(None, None, None)",0,0,0
31,"(None, None, None)","(None, None, None)","(None, None, None)","(None, None, None)",0,0,0
31,"(None, None, None)","(None, None, None)","(None, None, None)","(None, None, None)",0,0,0
31,"(None, None, None)","(None, None, None)","(None, None, None)","(None, None, None)",0,0,0
31,"(None, None, None)","(None, None, None)","(None, None, None)","(None, None, None)",0,0,0
31,"(None, None, None)","(None, None, None)","(None, None, None)","(None, None, None)",0,0,0
31,"(None, None, None)","(None, None, None)","(None, None, None)","(None, None, None)",0,0,0
31,"(None, None, None)","(None, None, None)","(None, None, None)","(None, None, None)",0,0,0
31,"(None, None, None)","(None, None, None)","(None, None, None)","(None, None, None)",0,0,0
31,"(None, None, None)","(None, None, None)","(None, None, None)","(None, None, None)",0,0,0
31,"(None, None, None)","(None, None, None)","(None, None, None)","(None, None, None)",0,0,0
31,"(None, None, None)","(None, None, None)","(None, None, None)","(None, None, None)",0,0,0
31,"(None, None, None)","(None, None, None)","(None, None, None)","(None, None, None)",0,0,0
31,"(None, None, None)","(None, None, None)","(None, None, None)","(None, None, None)",0,0,0
31,"(None, None, None)","(None, None, None)","(None, None, None)","(None, None, None)",0,0,0
31,"(None, None, None)","(None, None, None)","(None, None, None)","(None, None, None)",0,0,0
31,"(None, None, None)","(None, None, None)","(None, None, None)","(None, None, None)",0,0,0
31,"(None, None, None)","(None, None, None)","(None, None, None)","(None, None, None)",0,0,0
31,"(None, None, None)","(None, None, None)","(None, None, None)","(None, None, None)",0,0,0
31,"(None, None, None)","(None, None, None)","(None, None, None)","(None, None, None)",0,0,0
31,"(None, None, None)","(None, None, None)","(None, None, None)","(None, None, None)",0,0,0
31,"(None, None, None)","(None, None, None)","(None, None, None)","(None, None, None)",0,0,0
31,"(None, None, None)","(None, None, None)","(None, None, None)","(None, None, None)",0,0,0
31,"(None, None, None)","(None, None, None)","(None, None, None)","(None, None, None)",0,0,0
31,"(None, None, None)","(None, None, None)","(None, None, None)","(None, None, None)",0,0,0
32,"(None, None, None)","(None, None, None)","(None, None, None)","(None, None, None)",0,0,0
32,"(None, None, None)","(None, None, None)","(None, None, None)","(None, None, None)",0,0,0
32,"(None, None, None)","(None, None, None)","(None, None, None)","(None, None, None)",0,0,0
32,"(None, None, None)","(None, None, None)","(None, None, None)","(None, None, None)",0,0,0
32,"(None, None, None)","(None, None, None)","(None, None, None)","(None, None, None)",0,0,0
32,"(None, None, None)","(None, None, None)","(None, None, None)","(None, None, None)",0,0,0
32,"(None, None, None)","(None, None, None)","(None, None, None)","(None, None, None)",0,0,0
32,"(None, None, None)","(None, None, None)","(None, None, None)","(None, None, None)",0,0,0
32,"(None, None, None)","(None, None, None)","(None, None, None)","(None, None, None)",0,0,0
32,"(None, None, None)","(None, None, None)","(None, None, None)","(None, None, None)",0,0,0
